Palabra Clave,Clasificación SEO
agenda por whatsapp,Intención Media (Secundaria)
agendar citas por whatsapp,Intención Media (Secundaria)
agente de plataforma,Intención Media (Secundaria)
agente e commerce,Baja Intención
agente whatsapp,Intención Media (Secundaria)
ai chat español,Intención Media (Secundaria)
ai chatbot español,Alta Intención (SEO Principal)
ai chile,Intención Media (Secundaria)
ai empresa,Intención Media (Secundaria)
ai en marketing,Intención Media (Secundaria)
ai ia,Alta Intención (SEO Principal)
ai inteligente,Intención Media (Secundaria)
ai lead,Intención Media (Secundaria)
ai para conversar,Intención Media (Secundaria)
ai que programa,Intención Media (Secundaria)
api business whatsapp,Intención Media (Secundaria)
api de whatsapp business,Intención Media (Secundaria)
api de whatsapp business facebook,Intención Media (Secundaria)
api oficial de whatsapp,Alta Intención (SEO Principal)
api para whatsapp business,Intención Media (Secundaria)
api whatsapp business,Intención Media (Secundaria)
api whatsapp empresas,Intención Media (Secundaria)
api whatsapp facebook,Intención Media (Secundaria)
aplicacion de ai,Alta Intención (SEO Principal)
aplicacion de ia,Alta Intención (SEO Principal)
aplicacion ia,Alta Intención (SEO Principal)
aplicacion inteligente,Intención Media (Secundaria)
aplicacion ventas,Alta Intención (SEO Principal)
aplicaciones de chatbots,Alta Intención (SEO Principal)
aplicaciones para vender por whatsapp,Alta Intención (SEO Principal)
aplicaciones para whatsapp business,Alta Intención (SEO Principal)
aplicación de la ia,Intención Media (Secundaria)
aplicación inteligencia artificial,Alta Intención (SEO Principal)
aplicación para ventas y marketing,Intención Media (Secundaria)
aplicación whatsapp business,Intención Media (Secundaria)
app chat bot,Alta Intención (SEO Principal)
app chat inteligencia artificial,Alta Intención (SEO Principal)
app de ia,Alta Intención (SEO Principal)
app de whatsapp business,Intención Media (Secundaria)
app ecommerce,Alta Intención (SEO Principal)
app para ecommerce,Alta Intención (SEO Principal)
app para ia,Alta Intención (SEO Principal)
app para vender por whatsapp,Intención Media (Secundaria)
apps commerce,Intención Media (Secundaria)
apps de e commerce,Intención Media (Secundaria)
asistente conversacional,Baja Intención
asistente crm,Intención Media (Secundaria)
asistente virtual con inteligencia artificial,Alta Intención (SEO Principal)
asistente virtual para empresas,Baja Intención
atencion a cliente,Baja Intención
atencion a clientes por whatsapp,Intención Media (Secundaria)
atencion al cliente cliente,Intención Media (Secundaria)
atencion al cliente ecommerce,Alta Intención (SEO Principal)
atencion al cliente tips,Intención Media (Secundaria)
atencion al cliente virtual,Intención Media (Secundaria)
atencion de servicio al cliente,Intención Media (Secundaria)
atención al cliente ecommerce,Intención Media (Secundaria)
atención al cliente en redes sociales ejemplos,Intención Media (Secundaria)
atención al cliente por whatsapp,Intención Media (Secundaria)
atención al público ejemplos,Baja Intención
atención atención al cliente,Baja Intención
atención por whatsapp,Intención Media (Secundaria)
atender clientes por whatsapp,Intención Media (Secundaria)
atom whatsapp,Intención Media (Secundaria)
aumenta las ventas,Intención Media (Secundaria)
aumenta tus ventas,Intención Media (Secundaria)
aumenta ventas,Intención Media (Secundaria)
aumento de las ventas,Intención Media (Secundaria)
aumento en ventas,Intención Media (Secundaria)
automatiza tu negocio,Baja Intención
automatizacion comercial,Alta Intención (SEO Principal)
automatizacion crm,Alta Intención (SEO Principal)
automatizacion de negocios,Intención Media (Secundaria)
automatizacion de ventas,Alta Intención (SEO Principal)
automatizacion inteligencia artificial,Alta Intención (SEO Principal)
automatizacion inteligente,Intención Media (Secundaria)
automatizacion ventas,Alta Intención (SEO Principal)
automatizacion whatsapp,Alta Intención (SEO Principal)
automatización de inteligencia artificial,Alta Intención (SEO Principal)
automatización de whatsapp,Intención Media (Secundaria)
automatización e inteligencia artificial,Alta Intención (SEO Principal)
automatizar mi negocio,Intención Media (Secundaria)
automatizar negocio,Intención Media (Secundaria)
automatizar un negocio,Intención Media (Secundaria)
automatizar ventas,Alta Intención (SEO Principal)
beneficios de tener whatsapp business,Intención Media (Secundaria)
beneficios de usar whatsapp business,Intención Media (Secundaria)
beneficios de whatsapp business,Intención Media (Secundaria)
beneficios del whatsapp business,Intención Media (Secundaria)
beneficios whatsapp business,Intención Media (Secundaria)
blog de ecommerce,Intención Media (Secundaria)
blog ecommerce,Intención Media (Secundaria)
bot atencion al cliente,Alta Intención (SEO Principal)
bot call center,Intención Media (Secundaria)
bot center,Intención Media (Secundaria)
bot chat,Intención Media (Secundaria)
bot chat io,Intención Media (Secundaria)
bot con inteligencia artificial,Alta Intención (SEO Principal)
bot conversacional,Intención Media (Secundaria)
bot de atencion al cliente,Alta Intención (SEO Principal)
bot de chat,Intención Media (Secundaria)
bot de conversacion,Intención Media (Secundaria)
bot de ia,Alta Intención (SEO Principal)
bot de inteligencia artificial,Alta Intención (SEO Principal)
bot de respuestas,Intención Media (Secundaria)
bot de ventas,Alta Intención (SEO Principal)
bot ecommerce,Alta Intención (SEO Principal)
bot empresa,Intención Media (Secundaria)
bot gratis,Baja Intención
bot inteligencia artificial,Alta Intención (SEO Principal)
bot inteligente,Intención Media (Secundaria)
bot para chat,Intención Media (Secundaria)
bot para chatear,Intención Media (Secundaria)
bot para empresas,Intención Media (Secundaria)
bot personalizado,Intención Media (Secundaria)
bot virtual,Intención Media (Secundaria)
bot whatsapp gratis,Baja Intención
bots chat,Intención Media (Secundaria)
bots en whatsapp,Alta Intención (SEO Principal)
bots ia,Alta Intención (SEO Principal)
bots marketing,Intención Media (Secundaria)
bots whatsapp business,Alta Intención (SEO Principal)
calendario de ecommerce,Intención Media (Secundaria)
call center inteligencia artificial,Alta Intención (SEO Principal)
call center por whatsapp,Intención Media (Secundaria)
canales ecommerce,Intención Media (Secundaria)
caracteristicas de ventas,Intención Media (Secundaria)
carrito ecommerce,Intención Media (Secundaria)
categorias de ventas,Alta Intención (SEO Principal)
chat ai español,Intención Media (Secundaria)
chat bot en whatsapp,Alta Intención (SEO Principal)
chat bot online,Intención Media (Secundaria)
chat bot que es,Intención Media (Secundaria)
chat bot web,Intención Media (Secundaria)
chat bot whatsapp,Alta Intención (SEO Principal)
chat bots que es,Intención Media (Secundaria)
chat con bot,Intención Media (Secundaria)
chat con bots,Intención Media (Secundaria)
chat con inteligencia artificial gratis,Baja Intención
chat con una ia,Intención Media (Secundaria)
chat con whatsapp,Intención Media (Secundaria)
chat de bot,Intención Media (Secundaria)
chat de inteligencia artificial gratis,Baja Intención
chat de ventas,Intención Media (Secundaria)
chat de whatsapp con,Intención Media (Secundaria)
chat e commerce,Baja Intención
chat ecommerce,Intención Media (Secundaria)
chat inteligencia artificial gratis,Baja Intención
chat multiagente whatsapp,Alta Intención (SEO Principal)
chat para ecommerce,Intención Media (Secundaria)
chat por whatsapp,Intención Media (Secundaria)
chat whatsapp bot,Alta Intención (SEO Principal)
chat whatsapp business,Intención Media (Secundaria)
chatbot aplicaciones,Alta Intención (SEO Principal)
chatbot atencion al cliente,Alta Intención (SEO Principal)
chatbot automatico,Alta Intención (SEO Principal)
chatbot automatizado,Alta Intención (SEO Principal)
chatbot colombia,Alta Intención (SEO Principal)
chatbot como crear,Alta Intención (SEO Principal)
chatbot como funciona,Alta Intención (SEO Principal)
chatbot con ia,Alta Intención (SEO Principal)
chatbot con inteligencia artificial,Alta Intención (SEO Principal)
chatbot conversacional,Alta Intención (SEO Principal)
chatbot crear,Alta Intención (SEO Principal)
chatbot de ia,Alta Intención (SEO Principal)
chatbot de inteligencia artificial,Alta Intención (SEO Principal)
chatbot de ventas,Alta Intención (SEO Principal)
chatbot de whatsapp,Alta Intención (SEO Principal)
chatbot empresarial,Alta Intención (SEO Principal)
chatbot empresas,Alta Intención (SEO Principal)
chatbot español,Alta Intención (SEO Principal)
chatbot gratis para web,Baja Intención
chatbot inteligencia artificial,Alta Intención (SEO Principal)
chatbot inteligencia artificial gratis,Baja Intención
chatbot inteligente,Alta Intención (SEO Principal)
chatbot medico,Alta Intención (SEO Principal)
chatbot para atencion al cliente,Alta Intención (SEO Principal)
chatbot para ecommerce,Alta Intención (SEO Principal)
chatbot para empresas,Alta Intención (SEO Principal)
chatbot para mi pagina web,Alta Intención (SEO Principal)
chatbot para pagina web,Alta Intención (SEO Principal)
chatbot para página web gratis,Baja Intención
chatbot para que sirve,Alta Intención (SEO Principal)
chatbot para redes sociales,Alta Intención (SEO Principal)
chatbot para sitio web,Alta Intención (SEO Principal)
chatbot para ventas,Alta Intención (SEO Principal)
chatbot para web,Alta Intención (SEO Principal)
chatbot peru,Alta Intención (SEO Principal)
chatbot precios,Alta Intención (SEO Principal)
chatbot que es,Alta Intención (SEO Principal)
chatbot que es y como funciona,Alta Intención (SEO Principal)
chatbot qué es,Alta Intención (SEO Principal)
chatbot redes sociales,Alta Intención (SEO Principal)
chatbot seguros,Alta Intención (SEO Principal)
chatbot servicio al cliente,Alta Intención (SEO Principal)
chatbot ventas,Alta Intención (SEO Principal)
chatbots argentina,Alta Intención (SEO Principal)
chatbots chile,Alta Intención (SEO Principal)
chatbots conversacionales,Alta Intención (SEO Principal)
chatbots e inteligencia artificial,Alta Intención (SEO Principal)
chatbots ejemplos,Alta Intención (SEO Principal)
chatbots empresas,Alta Intención (SEO Principal)
chatbots en colombia,Alta Intención (SEO Principal)
chatbots en español,Alta Intención (SEO Principal)
chatbots en mexico,Alta Intención (SEO Principal)
chatbots gratuitos,Alta Intención (SEO Principal)
chatbots mexico,Alta Intención (SEO Principal)
chatbots para empresas,Alta Intención (SEO Principal)
chatbots que es y para que sirve,Alta Intención (SEO Principal)
chatbots que son,Alta Intención (SEO Principal)
chatbots whatsapp business,Alta Intención (SEO Principal)
chats con ia,Intención Media (Secundaria)
chats de ia,Intención Media (Secundaria)
chats de inteligencia artificial,Alta Intención (SEO Principal)
cierres de ventas,Intención Media (Secundaria)
cita por whatsapp,Intención Media (Secundaria)
cliente de whatsapp,Intención Media (Secundaria)
cliente ecommerce,Intención Media (Secundaria)
comercio ecommerce,Intención Media (Secundaria)
commerce chile,Baja Intención
comprar ecommerce,Intención Media (Secundaria)
compras por e commerce,Baja Intención
comunicacion en las ventas,Intención Media (Secundaria)
comunicacion y ventas,Intención Media (Secundaria)
configurar chatbot,Alta Intención (SEO Principal)
consejos para mejorar el servicio al cliente,Intención Media (Secundaria)
contratar chatbot,Alta Intención (SEO Principal)
contratar crm,Intención Media (Secundaria)
conversaciones con ia,Intención Media (Secundaria)
conversaciones por whatsapp,Intención Media (Secundaria)
conversaciones whatsapp,Intención Media (Secundaria)
conversación con ia,Intención Media (Secundaria)
conversación con inteligencia artificial,Alta Intención (SEO Principal)
conversación por whatsapp,Intención Media (Secundaria)
convertir whatsapp empresa,Intención Media (Secundaria)
creacion de chatbots,Alta Intención (SEO Principal)
crear asistente virtual,Baja Intención
crear chatbot,Alta Intención (SEO Principal)
crear chatbot gratis,Baja Intención
crear un chatbot,Alta Intención (SEO Principal)
crm automatizado,Intención Media (Secundaria)
crm bot,Alta Intención (SEO Principal)
crm con whatsapp,Alta Intención (SEO Principal)
crm de facebook,Intención Media (Secundaria)
crm de whatsapp,Alta Intención (SEO Principal)
crm e inteligencia artificial,Alta Intención (SEO Principal)
crm ecommerce,Alta Intención (SEO Principal)
crm empresa de servicios,Intención Media (Secundaria)
crm empresas,Intención Media (Secundaria)
crm en argentina,Intención Media (Secundaria)
crm facebook ads,Intención Media (Secundaria)
crm ia,Alta Intención (SEO Principal)
crm inteligencia artificial,Alta Intención (SEO Principal)
crm inteligente,Intención Media (Secundaria)
crm leads facebook,Intención Media (Secundaria)
crm para ecommerce,Alta Intención (SEO Principal)
crm para empresas,Intención Media (Secundaria)
crm para empresas b2b,Intención Media (Secundaria)
crm para empresas de servicios,Intención Media (Secundaria)
crm para facebook,Intención Media (Secundaria)
crm para negocios,Intención Media (Secundaria)
crm para whatsapp,Alta Intención (SEO Principal)
crm para whatsapp business,Alta Intención (SEO Principal)
crm plataformas,Alta Intención (SEO Principal)
crm whatsapp,Alta Intención (SEO Principal)
crm whatsapp api,Alta Intención (SEO Principal)
crm whatsapp business,Alta Intención (SEO Principal)
crm whatsapp facebook instagram,Alta Intención (SEO Principal)
crm whatsapp web,Alta Intención (SEO Principal)
curso chatbots,Baja Intención
curso de chatbots,Baja Intención
curso inteligencia artificial en los negocios,Baja Intención
cuál whatsapp,Intención Media (Secundaria)
datos ecommerce,Intención Media (Secundaria)
de comercio electrónico,Baja Intención
de whatsapp whatsapp,Intención Media (Secundaria)
desarrolladores de inteligencia artificial,Alta Intención (SEO Principal)
desarrollo chatbot,Alta Intención (SEO Principal)
desarrollo de bots,Intención Media (Secundaria)
desarrollo de chatbot,Alta Intención (SEO Principal)
desarrollo de chatbots,Alta Intención (SEO Principal)
desarrollo de software con inteligencia artificial,Alta Intención (SEO Principal)
diferencia whatsapp business,Alta Intención (SEO Principal)
dinero por whatsapp,Intención Media (Secundaria)
dropshipping tecnologia,Intención Media (Secundaria)
e commerce chile,Baja Intención
e commerce mexico,Baja Intención
e commerce pagina web,Baja Intención
e commerce para que sirve,Baja Intención
ecommerce 1,Intención Media (Secundaria)
ecommerce agencia,Alta Intención (SEO Principal)
ecommerce chile spa,Intención Media (Secundaria)
ecommerce colombia,Alta Intención (SEO Principal)
ecommerce comprar,Intención Media (Secundaria)
ecommerce empresas,Intención Media (Secundaria)
ecommerce en chile,Intención Media (Secundaria)
ecommerce en el peru,Intención Media (Secundaria)
ecommerce en mexico,Intención Media (Secundaria)
ecommerce en méxico,Intención Media (Secundaria)
ecommerce en perú,Intención Media (Secundaria)
ecommerce facil,Intención Media (Secundaria)
ecommerce ia,Alta Intención (SEO Principal)
ecommerce logistica,Intención Media (Secundaria)
ecommerce mexico,Intención Media (Secundaria)
ecommerce méxico,Intención Media (Secundaria)
ecommerce perú,Intención Media (Secundaria)
ecommerce que vender,Intención Media (Secundaria)
ecommerce qué es,Intención Media (Secundaria)
ecommerce sa,Intención Media (Secundaria)
ecommerce se,Intención Media (Secundaria)
ecommerce spa,Intención Media (Secundaria)
ecommerce tienda,Intención Media (Secundaria)
ecommerce ventas,Alta Intención (SEO Principal)
ecommerce whatsapp,Alta Intención (SEO Principal)
ecommerce y logistica,Intención Media (Secundaria)
ejemplo chatbot,Alta Intención (SEO Principal)
ejemplo de buen servicio al cliente,Intención Media (Secundaria)
ejemplo de chatbot,Alta Intención (SEO Principal)
ejemplos de bot,Intención Media (Secundaria)
ejemplos de chatbots,Alta Intención (SEO Principal)
ejemplos de mensajes automáticos en whatsapp,Intención Media (Secundaria)
ejemplos de respuesta automática whatsapp,Intención Media (Secundaria)
ejemplos de respuestas automáticas para whatsapp,Intención Media (Secundaria)
ejemplos respuestas automáticas whatsapp business,Intención Media (Secundaria)
el e commerce que es,Baja Intención
el mejor chatbot,Alta Intención (SEO Principal)
el sistema de ventas,Alta Intención (SEO Principal)
empresa chat gpt,Baja Intención
empresa crm,Intención Media (Secundaria)
empresa de compra,Baja Intención
empresa de desarrollo software,Intención Media (Secundaria)
empresa de inteligencia,Intención Media (Secundaria)
empresa de ventas,Intención Media (Secundaria)
empresa e commerce,Baja Intención
empresa logistica ecommerce,Intención Media (Secundaria)
empresas ai,Intención Media (Secundaria)
empresas chatbot,Alta Intención (SEO Principal)
empresas con chatbot,Alta Intención (SEO Principal)
empresas con inteligencia artificial,Alta Intención (SEO Principal)
empresas de ai,Intención Media (Secundaria)
empresas de asistentes virtuales,Baja Intención
empresas de bots,Intención Media (Secundaria)
empresas de chatbots,Alta Intención (SEO Principal)
empresas de crm,Intención Media (Secundaria)
empresas de e commerce,Baja Intención
empresas de ecommerce en chile,Intención Media (Secundaria)
empresas de ecommerce en mexico,Intención Media (Secundaria)
empresas de ia,Intención Media (Secundaria)
empresas de inteligencia artificial,Alta Intención (SEO Principal)
empresas de inteligencia artificial en chile,Alta Intención (SEO Principal)
empresas de inteligencia artificial en mexico,Alta Intención (SEO Principal)
empresas de inteligencia artificial en méxico,Alta Intención (SEO Principal)
empresas de logistica para ecommerce,Intención Media (Secundaria)
empresas de plataformas,Intención Media (Secundaria)
empresas e commerce mexico,Baja Intención
empresas ecommerce colombia,Alta Intención (SEO Principal)
empresas ia,Intención Media (Secundaria)
empresas que crean software,Intención Media (Secundaria)
empresas que se dedican a la inteligencia artificial,Alta Intención (SEO Principal)
empresas que se dedican al desarrollo de software,Intención Media (Secundaria)
empresas que trabajan con inteligencia artificial,Alta Intención (SEO Principal)
empresas que usan chatbots,Alta Intención (SEO Principal)
empresas que usan crm,Intención Media (Secundaria)
empresas que usan crm en colombia,Alta Intención (SEO Principal)
empresas que usan ia,Intención Media (Secundaria)
empresas que usan inteligencia artificial,Alta Intención (SEO Principal)
empresas que usan inteligencia artificial en perú,Alta Intención (SEO Principal)
empresas que utilizan chatbots,Alta Intención (SEO Principal)
empresas que utilizan crm,Intención Media (Secundaria)
empresas que utilizan inteligencia artificial,Alta Intención (SEO Principal)
empresas que utilizan la inteligencia artificial,Alta Intención (SEO Principal)
empresas ventas,Intención Media (Secundaria)
en que consiste el e commerce,Baja Intención
enviar mensajes por whatsapp,Alta Intención (SEO Principal)
enviar whatsapp automaticamente,Alta Intención (SEO Principal)
enviar whatsapp automatico,Alta Intención (SEO Principal)
enviar whatsapp enviar whatsapp,Alta Intención (SEO Principal)
escalar ecommerce,Intención Media (Secundaria)
estrategias de venta personal,Intención Media (Secundaria)
estrategias para mejorar atencion al cliente,Alta Intención (SEO Principal)
estrategias para mejorar el servicio al cliente,Alta Intención (SEO Principal)
estrategias para mejorar el servicio al cliente en una empresa,Alta Intención (SEO Principal)
estrategias para mejorar tu servicio al cliente,Alta Intención (SEO Principal)
estrategias para vender por whatsapp,Alta Intención (SEO Principal)
exclusivo ecommerce,Intención Media (Secundaria)
experiencia e commerce,Intención Media (Secundaria)
experiencia en ecommerce,Alta Intención (SEO Principal)
facebook api whatsapp,Intención Media (Secundaria)
funcionalidades de whatsapp business,Intención Media (Secundaria)
funcionalidades whatsapp business,Intención Media (Secundaria)
gestion de e commerce,Baja Intención
gestion de ecommerce,Intención Media (Secundaria)
gestion de whatsapp business,Intención Media (Secundaria)
gestion ecommerce,Intención Media (Secundaria)
gestionar whatsapp business,Intención Media (Secundaria)
guia ecommerce,Alta Intención (SEO Principal)
hacer chatbot,Alta Intención (SEO Principal)
hacer conversación de whatsapp,Intención Media (Secundaria)
herramientas con inteligencia artificial,Alta Intención (SEO Principal)
herramientas de inteligencia,Alta Intención (SEO Principal)
herramientas de inteligencia artificial gratis,Baja Intención
herramientas de ventas,Alta Intención (SEO Principal)
herramientas de whatsapp business,Alta Intención (SEO Principal)
herramientas ecommerce,Alta Intención (SEO Principal)
herramientas ia gratis,Baja Intención
herramientas inteligencia artificial,Alta Intención (SEO Principal)
herramientas para atencion al cliente,Alta Intención (SEO Principal)
herramientas para crear chatbots,Alta Intención (SEO Principal)
herramientas para crear un chatbot,Alta Intención (SEO Principal)
herramientas para inteligencia artificial,Alta Intención (SEO Principal)
herramientas para startups,Intención Media (Secundaria)
herramientas para ventas,Alta Intención (SEO Principal)
herramientas para whatsapp business,Alta Intención (SEO Principal)
herramientas whatsapp business,Alta Intención (SEO Principal)
ia ai,Alta Intención (SEO Principal)
ia aplicacion,Alta Intención (SEO Principal)
ia b2b,Intención Media (Secundaria)
ia conversacional,Intención Media (Secundaria)
ia conversaciones,Intención Media (Secundaria)
ia crm,Alta Intención (SEO Principal)
ia ecommerce,Alta Intención (SEO Principal)
ia empresarial,Intención Media (Secundaria)
ia en el marketing,Intención Media (Secundaria)
ia en empresas,Intención Media (Secundaria)
ia en las empresas,Intención Media (Secundaria)
ia en los negocios,Intención Media (Secundaria)
ia en marketing,Intención Media (Secundaria)
ia inteligencia artificial app,Alta Intención (SEO Principal)
ia para conversar,Intención Media (Secundaria)
ia para empresas,Intención Media (Secundaria)
ia para marketing,Intención Media (Secundaria)
ia para trabajos,Intención Media (Secundaria)
ia para whatsapp,Alta Intención (SEO Principal)
ia programa,Intención Media (Secundaria)
ia que conversa,Intención Media (Secundaria)
ia que programa,Intención Media (Secundaria)
ia soluciones,Intención Media (Secundaria)
ideas para mejorar el servicio al cliente,Intención Media (Secundaria)
ideas para mejorar la atencion al cliente,Intención Media (Secundaria)
impacto de la inteligencia artificial en las empresas,Alta Intención (SEO Principal)
implementacion de chatbot,Alta Intención (SEO Principal)
implementación de inteligencia artificial,Alta Intención (SEO Principal)
implementación de la inteligencia artificial,Alta Intención (SEO Principal)
implementar chatbot en pagina web,Alta Intención (SEO Principal)
implementar inteligencia artificial,Alta Intención (SEO Principal)
informacion sobre ventas,Intención Media (Secundaria)
inicio de ventas,Intención Media (Secundaria)
insights ecommerce,Intención Media (Secundaria)
integrar api whatsapp,Intención Media (Secundaria)
inteligencia artificial aplicada a los negocios,Alta Intención (SEO Principal)
inteligencia artificial automatizacion,Alta Intención (SEO Principal)
inteligencia artificial bot,Alta Intención (SEO Principal)
inteligencia artificial call center,Alta Intención (SEO Principal)
inteligencia artificial chatbot,Alta Intención (SEO Principal)
inteligencia artificial chatbots,Alta Intención (SEO Principal)
inteligencia artificial comercial,Alta Intención (SEO Principal)
inteligencia artificial como servicio,Alta Intención (SEO Principal)
inteligencia artificial conversacion,Alta Intención (SEO Principal)
inteligencia artificial conversacional,Alta Intención (SEO Principal)
inteligencia artificial de chat,Alta Intención (SEO Principal)
inteligencia artificial desarrollo de software,Alta Intención (SEO Principal)
inteligencia artificial ecommerce,Alta Intención (SEO Principal)
inteligencia artificial ejemplos empresas,Alta Intención (SEO Principal)
inteligencia artificial empresarial,Alta Intención (SEO Principal)
inteligencia artificial empresas,Alta Intención (SEO Principal)
inteligencia artificial en atencion al cliente,Alta Intención (SEO Principal)
inteligencia artificial en ecommerce,Alta Intención (SEO Principal)
inteligencia artificial en el comercio,Alta Intención (SEO Principal)
inteligencia artificial en el marketing,Alta Intención (SEO Principal)
inteligencia artificial en empresas,Alta Intención (SEO Principal)
inteligencia artificial en empresas ejemplos,Alta Intención (SEO Principal)
inteligencia artificial en la empresa,Alta Intención (SEO Principal)
inteligencia artificial en los negocios,Alta Intención (SEO Principal)
inteligencia artificial en marketing,Alta Intención (SEO Principal)
inteligencia artificial en negocios,Alta Intención (SEO Principal)
inteligencia artificial en servicio al cliente,Alta Intención (SEO Principal)
inteligencia artificial en software,Alta Intención (SEO Principal)
inteligencia artificial en una empresa,Alta Intención (SEO Principal)
inteligencia artificial en ventas,Alta Intención (SEO Principal)
inteligencia artificial ia,Alta Intención (SEO Principal)
inteligencia artificial marketing,Alta Intención (SEO Principal)
inteligencia artificial negocios,Alta Intención (SEO Principal)
inteligencia artificial online chat,Alta Intención (SEO Principal)
inteligencia artificial para,Alta Intención (SEO Principal)
inteligencia artificial para automatizar tareas,Alta Intención (SEO Principal)
inteligencia artificial para call center,Alta Intención (SEO Principal)
inteligencia artificial para conversar,Alta Intención (SEO Principal)
inteligencia artificial para ecommerce,Alta Intención (SEO Principal)
inteligencia artificial para empresas,Alta Intención (SEO Principal)
inteligencia artificial para las empresas,Alta Intención (SEO Principal)
inteligencia artificial para los negocios,Alta Intención (SEO Principal)
inteligencia artificial para marketing,Alta Intención (SEO Principal)
inteligencia artificial para negocios,Alta Intención (SEO Principal)
inteligencia artificial para pc,Baja Intención
inteligencia artificial para usar,Alta Intención (SEO Principal)
inteligencia artificial para vender,Alta Intención (SEO Principal)
inteligencia artificial para ventas,Alta Intención (SEO Principal)
inteligencia artificial para whatsapp,Alta Intención (SEO Principal)
inteligencia artificial plataforma,Alta Intención (SEO Principal)
inteligencia artificial página,Alta Intención (SEO Principal)
inteligencia artificial que programa,Alta Intención (SEO Principal)
inteligencia artificial que responde,Alta Intención (SEO Principal)
inteligencia artificial qué es,Alta Intención (SEO Principal)
inteligencia artificial software,Alta Intención (SEO Principal)
inteligencia artificial software libre,Baja Intención
inteligencia artificial tareas,Alta Intención (SEO Principal)
inteligencia artificial usar gratis,Baja Intención
inteligencia artificial ventas,Alta Intención (SEO Principal)
inteligencia artificial y automatizacion,Alta Intención (SEO Principal)
inteligencia artificial y marketing,Alta Intención (SEO Principal)
inteligencia artificial y negocios,Alta Intención (SEO Principal)
inteligencia de clientes,Intención Media (Secundaria)
inteligencia de ventas,Alta Intención (SEO Principal)
inteligencia en ventas,Alta Intención (SEO Principal)
inteligencia ia,Intención Media (Secundaria)
la e commerce,Baja Intención
la inteligencia artificial en el marketing,Alta Intención (SEO Principal)
la inteligencia artificial en las empresas,Alta Intención (SEO Principal)
la inteligencia artificial en los negocios,Alta Intención (SEO Principal)
las mejores empresas de inteligencia artificial,Alta Intención (SEO Principal)
lead empresa,Baja Intención
leads crm,Intención Media (Secundaria)
leads de venta,Baja Intención
leads en crm,Intención Media (Secundaria)
leadscoring,Baja Intención
link ecommerce,Intención Media (Secundaria)
link para conversacion de whatsapp,Intención Media (Secundaria)
link para enviar whatsapp,Alta Intención (SEO Principal)
llamadas whatsapp,Intención Media (Secundaria)
logistica de ecommerce,Intención Media (Secundaria)
logistica empresa,Baja Intención
logistica en ecommerce,Intención Media (Secundaria)
logistica en el ecommerce,Intención Media (Secundaria)
logistica para ecommerce,Intención Media (Secundaria)
logistica y ecommerce,Intención Media (Secundaria)
logística ecommerce,Intención Media (Secundaria)
los chatbots,Alta Intención (SEO Principal)
los chatbots con inteligencia artificial,Alta Intención (SEO Principal)
los mejores chatbot,Alta Intención (SEO Principal)
manejo de atencion al cliente,Intención Media (Secundaria)
marcas de ecommerce,Intención Media (Secundaria)
marcas ecommerce,Intención Media (Secundaria)
marketing con inteligencia artificial,Alta Intención (SEO Principal)
marketing e inteligencia artificial,Alta Intención (SEO Principal)
marketing inteligencia artificial,Alta Intención (SEO Principal)
marketing whatsapp business,Intención Media (Secundaria)
marketing y la inteligencia artificial,Alta Intención (SEO Principal)
mawi whatsapp,Intención Media (Secundaria)
mejor chat ia,Intención Media (Secundaria)
mejor chatbot para whatsapp,Alta Intención (SEO Principal)
mejor crm para ventas,Alta Intención (SEO Principal)
mejorar el servicio al cliente,Intención Media (Secundaria)
mejorar la atencion al cliente,Intención Media (Secundaria)
mejores chatbot,Alta Intención (SEO Principal)
mejores empresas de inteligencia artificial,Alta Intención (SEO Principal)
mejores empresas inteligencia artificial,Alta Intención (SEO Principal)
mensaje automático whatsapp ejemplos,Intención Media (Secundaria)
mensajes automaticos de whatsapp ejemplos,Intención Media (Secundaria)
mensajes automaticos para clientes,Baja Intención
mensajes automaticos para whatsapp,Intención Media (Secundaria)
mensajes automaticos whatsapp business,Intención Media (Secundaria)
mensajes automático en whatsapp,Intención Media (Secundaria)
mensajes automáticos de whatsapp,Intención Media (Secundaria)
mensajes automáticos en whatsapp,Intención Media (Secundaria)
mensajes automáticos whatsapp,Intención Media (Secundaria)
mensajes automáticos whatsapp business ejemplos,Intención Media (Secundaria)
mensajes automáticos whatsapp ejemplos,Intención Media (Secundaria)
mensajes de respuesta automática,Baja Intención
mensajes de respuesta automática whatsapp ejemplos,Intención Media (Secundaria)
mensajes de ventas por whatsapp,Alta Intención (SEO Principal)
mensajes de whatsapp,Intención Media (Secundaria)
mensajes de whatsapp automaticos,Intención Media (Secundaria)
mensajes de whatsapp para clientes,Intención Media (Secundaria)
mensajes de whatsapp para negocios,Intención Media (Secundaria)
mensajes de whatsapp para ventas,Alta Intención (SEO Principal)
mensajes en whatsapp,Intención Media (Secundaria)
mensajes personalizados para clientes,Baja Intención
mensajes por whatsapp,Intención Media (Secundaria)
mensajes whatsapp,Intención Media (Secundaria)
mercado de ecommerce,Intención Media (Secundaria)
mis mensajes de whatsapp,Intención Media (Secundaria)
modelos de mensajes automaticos para whatsapp,Intención Media (Secundaria)
multiagente whatsapp,Alta Intención (SEO Principal)
multiusuario whatsapp business,Intención Media (Secundaria)
negocio comercio,Baja Intención
negocio de software,Intención Media (Secundaria)
negocios con ia,Intención Media (Secundaria)
negocios de software,Intención Media (Secundaria)
no e commerce,Baja Intención
numeros para ventas,Intención Media (Secundaria)
operaciones ecommerce,Intención Media (Secundaria)
pagina de ai,Intención Media (Secundaria)
pagina web e commerce,Baja Intención
paginas web con chatbot,Alta Intención (SEO Principal)
pagos con whatsapp,Intención Media (Secundaria)
pagos en whatsapp,Intención Media (Secundaria)
pagos por whatsapp,Intención Media (Secundaria)
pagos whatsapp,Intención Media (Secundaria)
para enviar whatsapp,Alta Intención (SEO Principal)
para las ventas,Intención Media (Secundaria)
para que sirve ai,Intención Media (Secundaria)
para que sirve chatbot,Alta Intención (SEO Principal)
para que sirve crm en una empresa,Intención Media (Secundaria)
para que sirve el chatbot,Alta Intención (SEO Principal)
para que sirve el ecommerce,Intención Media (Secundaria)
para que sirve un chatbot,Alta Intención (SEO Principal)
para ventas,Intención Media (Secundaria)
peru ecommerce,Intención Media (Secundaria)
plan ecommerce,Intención Media (Secundaria)
plantillas de ventas por whatsapp,Alta Intención (SEO Principal)
plantillas para vender por whatsapp,Intención Media (Secundaria)
plataforma 10x,Intención Media (Secundaria)
plataforma ai,Alta Intención (SEO Principal)
plataforma bot,Alta Intención (SEO Principal)
plataforma de empresas,Intención Media (Secundaria)
plataforma de ia,Alta Intención (SEO Principal)
plataforma de ventas,Alta Intención (SEO Principal)
plataforma e commerce que es,Intención Media (Secundaria)
plataforma ecommerce,Alta Intención (SEO Principal)
plataforma ia,Alta Intención (SEO Principal)
plataforma inteligencia artificial,Alta Intención (SEO Principal)
plataforma para empresas,Intención Media (Secundaria)
plataforma para ventas,Alta Intención (SEO Principal)
plataforma venta,Intención Media (Secundaria)
plataforma whatsapp business,Alta Intención (SEO Principal)
plataformas automatizadas,Intención Media (Secundaria)
plataformas conversacionales,Intención Media (Secundaria)
plataformas crm,Alta Intención (SEO Principal)
plataformas de chatbots,Alta Intención (SEO Principal)
plataformas de ecommerce,Alta Intención (SEO Principal)
plataformas de ecommerce peru,Alta Intención (SEO Principal)
plataformas de empresas,Intención Media (Secundaria)
plataformas de inteligencia artificial,Alta Intención (SEO Principal)
plataformas de venta en colombia,Alta Intención (SEO Principal)
plataformas de ventas en mexico,Alta Intención (SEO Principal)
plataformas e commerce,Intención Media (Secundaria)
plataformas ecommerce chile,Alta Intención (SEO Principal)
plataformas ecommerce colombia,Alta Intención (SEO Principal)
plataformas ecommerce mexico,Alta Intención (SEO Principal)
plataformas ia,Alta Intención (SEO Principal)
plataformas para ecommerce,Alta Intención (SEO Principal)
plataformas para vender en chile,Intención Media (Secundaria)
plataformas para vender en peru,Intención Media (Secundaria)
por el whatsapp,Intención Media (Secundaria)
por qué whatsapp,Intención Media (Secundaria)
por ventas,Intención Media (Secundaria)
por whatsapp,Intención Media (Secundaria)
por whatsapp por whatsapp,Intención Media (Secundaria)
porque usar whatsapp business,Intención Media (Secundaria)
portal e commerce,Baja Intención
precio chatbot,Alta Intención (SEO Principal)
precio de un chatbot,Alta Intención (SEO Principal)
precio de un ecommerce,Intención Media (Secundaria)
productos de ecommerce,Intención Media (Secundaria)
productos ecommerce,Intención Media (Secundaria)
programa crm para empresas,Intención Media (Secundaria)
programa de ai,Intención Media (Secundaria)
programa de ia,Intención Media (Secundaria)
programa de inteligencia artificial,Alta Intención (SEO Principal)
programa de inteligencia artificial para pc en español,Baja Intención
programa ia,Intención Media (Secundaria)
programa inteligencia artificial,Alta Intención (SEO Principal)
programa para clientes,Baja Intención
programa para crear inteligencia artificial,Alta Intención (SEO Principal)
programa para inteligencia artificial,Alta Intención (SEO Principal)
programa ventas,Intención Media (Secundaria)
programas para crear bots,Intención Media (Secundaria)
programas para hacer inteligencia artificial,Alta Intención (SEO Principal)
programas para vender,Baja Intención
prospect comercial,Intención Media (Secundaria)
página de inteligencia artificial,Alta Intención (SEO Principal)
página inteligencia artificial,Alta Intención (SEO Principal)
página web de ventas,Intención Media (Secundaria)
página web para vender,Baja Intención
respuestas automáticas,Baja Intención
respuestas automáticas whatsapp ejemplos,Intención Media (Secundaria)
robot chat,Intención Media (Secundaria)
roi ecommerce,Intención Media (Secundaria)
sdk whatsapp,Intención Media (Secundaria)
se puede enviar una conversacion de whatsapp,Alta Intención (SEO Principal)
seguimiento a clientes potenciales,Intención Media (Secundaria)
servicio al cliente como mejorar,Intención Media (Secundaria)
servicio atención al cliente,Baja Intención
servicio de chatbot,Alta Intención (SEO Principal)
servicios de ia,Intención Media (Secundaria)
servicios de inteligencia artificial,Alta Intención (SEO Principal)
servicios ia,Intención Media (Secundaria)
servicios inteligencia artificial,Alta Intención (SEO Principal)
sistema automatizado de ventas,Alta Intención (SEO Principal)
sistema de ventas que es,Alta Intención (SEO Principal)
sistema ecommerce,Alta Intención (SEO Principal)
sistema para clientes,Intención Media (Secundaria)
sistemas de ecommerce,Alta Intención (SEO Principal)
sistemas de ventas y marketing,Alta Intención (SEO Principal)
sistemas para ventas,Alta Intención (SEO Principal)
sobre ventas,Intención Media (Secundaria)
software ai,Alta Intención (SEO Principal)
software de chatbot,Alta Intención (SEO Principal)
software de clientes,Intención Media (Secundaria)
software de ia,Alta Intención (SEO Principal)
software de inteligencia,Alta Intención (SEO Principal)
software de inteligencia artificial,Alta Intención (SEO Principal)
software de marketing,Intención Media (Secundaria)
software de ventas y marketing,Alta Intención (SEO Principal)
software ia,Alta Intención (SEO Principal)
software inteligencia artificial,Alta Intención (SEO Principal)
software inteligente,Intención Media (Secundaria)
software para comerciales,Alta Intención (SEO Principal)
software para ia,Alta Intención (SEO Principal)
software para inteligencia artificial,Alta Intención (SEO Principal)
software para marketing,Intención Media (Secundaria)
software para ventas,Alta Intención (SEO Principal)
software para ventas y marketing,Alta Intención (SEO Principal)
software para ventas y marketing características,Alta Intención (SEO Principal)
software para ventas y marketing que es,Alta Intención (SEO Principal)
software para whatsapp business,Alta Intención (SEO Principal)
software publicidad,Intención Media (Secundaria)
softwares crm,Alta Intención (SEO Principal)
softwares de ventas,Alta Intención (SEO Principal)
softwares para empresas,Intención Media (Secundaria)
soluciones ai,Intención Media (Secundaria)
soluciones con inteligencia artificial,Alta Intención (SEO Principal)
soluciones de ia,Intención Media (Secundaria)
soluciones de inteligencia artificial,Alta Intención (SEO Principal)
soluciones ia,Intención Media (Secundaria)
soluciones ia para empresas,Intención Media (Secundaria)
soluciones inteligencia artificial,Alta Intención (SEO Principal)
soporte ecommerce,Intención Media (Secundaria)
startup e commerce,Baja Intención
startup ecommerce,Intención Media (Secundaria)
tecnicas para atender al cliente,Baja Intención
tecnicas para mejorar el servicio al cliente,Intención Media (Secundaria)
tecnicas para un buen servicio al cliente,Intención Media (Secundaria)
tiendas de ecommerce,Intención Media (Secundaria)
tiendas e commerce,Baja Intención
tipo de e commerce,Baja Intención
tipos de chatbots,Alta Intención (SEO Principal)
tips de atencion al cliente,Intención Media (Secundaria)
tips de ventas por whatsapp,Alta Intención (SEO Principal)
tips para atención al cliente,Baja Intención
tips para mejorar el servicio al cliente,Intención Media (Secundaria)
tips para mejorar la atencion al cliente,Intención Media (Secundaria)
todo para whatsapp,Intención Media (Secundaria)
todo sobre ventas,Intención Media (Secundaria)
tomar pedidos por whatsapp,Intención Media (Secundaria)
trabajo por whatsapp,Intención Media (Secundaria)
tus ventas,Intención Media (Secundaria)
un e commerce,Baja Intención
una conversación de whatsapp,Intención Media (Secundaria)
una llamada por whatsapp,Intención Media (Secundaria)
uso de chatbots,Alta Intención (SEO Principal)
vender bots,Intención Media (Secundaria)
vender e,Baja Intención
vender ecommerce,Intención Media (Secundaria)
vender en whatsapp,Intención Media (Secundaria)
vender por ecommerce,Intención Media (Secundaria)
vender por whatsapp,Intención Media (Secundaria)
vendo ecommerce,Intención Media (Secundaria)
venta automatizada,Baja Intención
venta características,Baja Intención
venta de crm,Intención Media (Secundaria)
venta de ecommerce,Intención Media (Secundaria)
venta e commerce,Baja Intención
venta empresarial,Intención Media (Secundaria)
venta ia,Intención Media (Secundaria)
venta inteligente,Baja Intención
ventajas de chatbot,Alta Intención (SEO Principal)
ventajas de inteligencia artificial,Alta Intención (SEO Principal)
ventajas de la inteligencia artificial en las empresas,Alta Intención (SEO Principal)
ventajas de los chatbots,Alta Intención (SEO Principal)
ventajas de un chatbot,Alta Intención (SEO Principal)
ventajas de usar whatsapp business,Intención Media (Secundaria)
ventajas de whatsapp business,Intención Media (Secundaria)
ventajas del whatsapp business,Intención Media (Secundaria)
ventajas whatsapp business,Intención Media (Secundaria)
ventas automatizadas,Intención Media (Secundaria)
ventas cl,Intención Media (Secundaria)
ventas compras,Intención Media (Secundaria)
ventas de negocio,Intención Media (Secundaria)
ventas de telecomunicaciones,Intención Media (Secundaria)
ventas de whatsapp,Alta Intención (SEO Principal)
ventas ecommerce,Alta Intención (SEO Principal)
ventas ecommerce chile,Alta Intención (SEO Principal)
ventas ecommerce colombia,Alta Intención (SEO Principal)
ventas en whatsapp,Alta Intención (SEO Principal)
ventas negocio,Intención Media (Secundaria)
ventas para,Intención Media (Secundaria)
ventas para negocio,Intención Media (Secundaria)
ventas por,Intención Media (Secundaria)
ventas por canal,Intención Media (Secundaria)
ventas por dia,Alta Intención (SEO Principal)
ventas por ecommerce,Alta Intención (SEO Principal)
ventas por web,Intención Media (Secundaria)
ventas por whatsapp,Alta Intención (SEO Principal)
ventas por whatsapp business,Alta Intención (SEO Principal)
ventas whatsapp,Alta Intención (SEO Principal)
verificacion de whatsapp business,Intención Media (Secundaria)
verificacion whatsapp business,Intención Media (Secundaria)
virtual ia,Intención Media (Secundaria)
vision ecommerce,Intención Media (Secundaria)
web ai,Intención Media (Secundaria)
web api whatsapp,Intención Media (Secundaria)
web de ecommerce,Intención Media (Secundaria)
web de inteligencia artificial gratis,Baja Intención
web e commerce,Baja Intención
web ecommerce,Intención Media (Secundaria)
web para ecommerce,Intención Media (Secundaria)
web ventas,Intención Media (Secundaria)
webs ecommerce,Intención Media (Secundaria)
whatsapp api business,Intención Media (Secundaria)
whatsapp api web,Intención Media (Secundaria)
whatsapp automatico,Intención Media (Secundaria)
whatsapp automatico para empresas,Intención Media (Secundaria)
whatsapp automático,Intención Media (Secundaria)
whatsapp business api mexico,Intención Media (Secundaria)
whatsapp business aplicacion,Alta Intención (SEO Principal)
whatsapp business beneficios,Intención Media (Secundaria)
whatsapp business cloud,Intención Media (Secundaria)
whatsapp business crm,Alta Intención (SEO Principal)
whatsapp business desventajas,Intención Media (Secundaria)
whatsapp business empresas,Intención Media (Secundaria)
whatsapp business herramientas,Alta Intención (SEO Principal)
whatsapp business herramientas para la empresa,Alta Intención (SEO Principal)
whatsapp business multiagente,Alta Intención (SEO Principal)
whatsapp business oficial,Alta Intención (SEO Principal)
whatsapp business opiniones,Intención Media (Secundaria)
whatsapp business para empresas,Intención Media (Secundaria)
whatsapp business para web,Intención Media (Secundaria)
whatsapp business plataforma,Alta Intención (SEO Principal)
whatsapp business que es y como funciona,Intención Media (Secundaria)
whatsapp business suite,Intención Media (Secundaria)
whatsapp business ventajas,Intención Media (Secundaria)
whatsapp cliente,Intención Media (Secundaria)
whatsapp clientes,Intención Media (Secundaria)
whatsapp de empresa beneficios,Intención Media (Secundaria)
whatsapp de empresas,Intención Media (Secundaria)
whatsapp de ventas,Alta Intención (SEO Principal)
whatsapp empresa,Intención Media (Secundaria)
whatsapp empresa beneficios,Intención Media (Secundaria)
whatsapp empresa diferencia,Alta Intención (SEO Principal)
whatsapp empresa ventajas,Intención Media (Secundaria)
whatsapp empresa web,Intención Media (Secundaria)
whatsapp empresarial,Alta Intención (SEO Principal)
whatsapp empresarial beneficios,Alta Intención (SEO Principal)
whatsapp empresarial ventajas,Alta Intención (SEO Principal)
whatsapp empresas,Intención Media (Secundaria)
whatsapp empresas ventajas,Intención Media (Secundaria)
whatsapp empresas web,Intención Media (Secundaria)
whatsapp enterprise,Intención Media (Secundaria)
whatsapp enviar whatsapp,Alta Intención (SEO Principal)
whatsapp for business crm,Alta Intención (SEO Principal)
whatsapp llamadas,Intención Media (Secundaria)
whatsapp multi agente,Intención Media (Secundaria)
whatsapp multiagente,Alta Intención (SEO Principal)
whatsapp multiagente colombia,Alta Intención (SEO Principal)
whatsapp multiagente open source,Alta Intención (SEO Principal)
whatsapp multiagente precios,Alta Intención (SEO Principal)
whatsapp multiple agents,Intención Media (Secundaria)
whatsapp para clientes,Intención Media (Secundaria)
whatsapp para ecommerce,Alta Intención (SEO Principal)
whatsapp para empresas,Intención Media (Secundaria)
whatsapp para llamada,Intención Media (Secundaria)
whatsapp para llamadas,Intención Media (Secundaria)
whatsapp para mi negocio,Intención Media (Secundaria)
whatsapp para negocios,Intención Media (Secundaria)
whatsapp para vendedores,Intención Media (Secundaria)
whatsapp para vender,Intención Media (Secundaria)
whatsapp para ventas,Alta Intención (SEO Principal)
whatsapp por,Intención Media (Secundaria)
whatsapp por whatsapp,Intención Media (Secundaria)
whatsapp ventas,Alta Intención (SEO Principal)
whatsapp wa business,Intención Media (Secundaria)
whatsapp web empresas,Intención Media (Secundaria)
whatsapp web multiusuario,Intención Media (Secundaria)
whatsapp web negocios,Intención Media (Secundaria)
whatsapp web para whatsapp business,Intención Media (Secundaria)
é commerce,Baja Intención